00000000,makerom,80000000
00001060,boot,80000460
00012F70,dmadata,80016DA0
00019030,Audiobank,*
00044DF0,Audioseq,*
00094870,Audiotable,*
004E5C00,link_animetion,*
0074C000,icon_item_static,*
007D6000,icon_item_24_static,*
007E2000,icon_item_field_static,*
007EE000,icon_item_dungeon_static,*
007F0000,icon_item_gameover_static,*
007F4000,icon_item_nes_static,*
00802000,icon_item_ger_static,*
00811000,icon_item_fra_static,*
00821000,item_name_static,*
0087E000,map_name_static,*
008B1000,do_action_static,*
008BA000,message_static,*
008BF000,message_texture_static,*
008C1000,nes_font_static,*
008C6000,nes_message_data_static,*
008FF000,ger_message_data_static,*
0093B000,fra_message_data_static,*
00973000,staff_message_data_static,*
00974000,map_grand_static,*
009A5000,map_i_static,*
00983000,map_48x85_static,*
00A94000,code,8001CE60
00BCEF30,ovl_title,80800000
00BCFAC0,ovl_select,80800B90
00BD2B20,ovl_opening,80803BF0
00BD2C70,ovl_file_choose,80803D40
00BE2730,ovl_kaleido_scope,80813820
00C010B0,ovl_player_actor,80832210
00C27940,ovl_map_mark_data,80858B70
00C2E420,ovl_En_Test,8085F650
00C33CD0,ovl_Arms_Hook,80864F00
00C34AE0,ovl_Arrow_Fire,80865D10
00C36AA0,ovl_Arrow_Ice,80867CD0
00C38A80,ovl_Arrow_Light,80869CB0
00C3AA70,ovl_Bg_Bdan_Objects,8086BCA0
00C3BDE0,ovl_Bg_Bdan_Switch,8086D010
00C3D320,ovl_Bg_Bom_Guard,8086E550
00C3D5A0,ovl_Bg_Bombwall,8086E7D0
00C3DF30,ovl_Bg_Bowl_Wall,8086F160
00C3E9B0,ovl_Bg_Breakwall,8086FBE0
00C3F880,ovl_Bg_Ddan_Jd,80870AB0
00C3FEC0,ovl_Bg_Ddan_Kd,808710F0
00C407D0,ovl_Bg_Dodoago,80871A00
00C41590,ovl_Bg_Dy_Yoseizo,80872830
00C44680,ovl_Bg_Ganon_Otyuka,80875920
00C46EC0,ovl_Bg_Gate_Shutter,80878160
00C47420,ovl_Bg_Gjyo_Bridge,808786C0
00C47990,ovl_Bg_Gnd_Darkmeiro,80878C30
00C48220,ovl_Bg_Gnd_Firemeiro,808794C0
00C48800,ovl_Bg_Gnd_Iceblock,80879AA0
00C499A0,ovl_Bg_Gnd_Nisekabe,8087AC50
00C49B10,ovl_Bg_Gnd_Soulmeiro,8087ADC0
00C4A400,ovl_Bg_Haka,8087B6B0
00C4AB40,ovl_Bg_Haka_Gate,8087BDF0
00C4BD00,ovl_Bg_Haka_Huta,8087CFC0
00C4C780,ovl_Bg_Haka_Megane,8087DA40
00C4CB70,ovl_Bg_Haka_MeganeBG,8087DE30
00C4D220,ovl_Bg_Haka_Sgami,8087E4E0
00C4DE40,ovl_Bg_Haka_Ship,8087F100
00C4E9E0,ovl_Bg_Haka_Trap,8087FCA0
00C4FF90,ovl_Bg_Haka_Tubo,80881250
00C50A40,ovl_Bg_Haka_Water,80881D00
00C51300,ovl_Bg_Haka_Zou,808825C0
00C524D0,ovl_Bg_Heavy_Block,80883790
00C53EE0,ovl_Bg_Hidan_Curtain,808851A0
00C54B60,ovl_Bg_Hidan_Dalm,80885E20
00C553A0,ovl_Bg_Hidan_Firewall,80886660
00C55B80,ovl_Bg_Hidan_Fslift,80886E40
00C56030,ovl_Bg_Hidan_Fwbig,808872F0
00C56D80,ovl_Bg_Hidan_Hamstep,80888040
00C57E70,ovl_Bg_Hidan_Hrock,80889130
00C586A0,ovl_Bg_Hidan_Kousi,80889960
00C58D60,ovl_Bg_Hidan_Kowarerukabe,8088A020
00C59DC0,ovl_Bg_Hidan_Rock,8088B080
00C5AF40,ovl_Bg_Hidan_Rsekizou,8088C200
00C5BC00,ovl_Bg_Hidan_Sekizou,8088CEC0
00C5D110,ovl_Bg_Hidan_Sima,8088E3D0
00C5E100,ovl_Bg_Hidan_Syoku,8088F3C0
00C5E550,ovl_Bg_Ice_Objects,8088F810
00C5F480,ovl_Bg_Ice_Shelter,80890740
00C60800,ovl_Bg_Ice_Shutter,80891AC0
00C60C60,ovl_Bg_Ice_Turara,80891F20
00C61480,ovl_Bg_Ingate,80892740
00C618A0,ovl_Bg_Jya_1flift,80892B60
00C62000,ovl_Bg_Jya_Amishutter,808932C0
00C62420,ovl_Bg_Jya_Bigmirror,808936E0
00C62EE0,ovl_Bg_Jya_Block,808941A0
00C631E0,ovl_Bg_Jya_Bombchuiwa,808944A0
00C63EE0,ovl_Bg_Jya_Bombiwa,808951A0
00C64630,ovl_Bg_Jya_Cobra,808958F0
00C666B0,ovl_Bg_Jya_Goroiwa,80897970
00C66E00,ovl_Bg_Jya_Haheniron,808980C0
00C675E0,ovl_Bg_Jya_Ironobj,808988A0
00C68480,ovl_Bg_Jya_Kanaami,80899740
00C688E0,ovl_Bg_Jya_Lift,80899BA0
00C68E70,ovl_Bg_Jya_Megami,8089A130
00C6A180,ovl_Bg_Jya_Zurerukabe,8089B440
00C6A9B0,ovl_Bg_Menkuri_Eye,8089BC70
00C6AEE0,ovl_Bg_Menkuri_Kaiten,8089C1B0
00C6B060,ovl_Bg_Menkuri_Nisekabe,8089C330
00C6B1B0,ovl_Bg_Mizu_Bwall,8089C480
00C6C960,ovl_Bg_Mizu_Movebg,8089DC30
00C6DB70,ovl_Bg_Mizu_Shutter,8089EE50
00C6E400,ovl_Bg_Mizu_Uzu,8089F6E0
00C6E5D0,ovl_Bg_Mizu_Water,8089F8B0
00C6F4A0,ovl_Bg_Mjin,808A0780
00C6F8E0,ovl_Bg_Mori_Bigst,808A0BC0
00C70520,ovl_Bg_Mori_Elevator,808A1800
00C71280,ovl_Bg_Mori_Hashigo,808A2560
00C71D80,ovl_Bg_Mori_Hashira4,808A3060
00C724E0,ovl_Bg_Mori_Hineri,808A37D0
00C73350,ovl_Bg_Mori_Idomizu,808A4640
00C73AD0,ovl_Bg_Mori_Kaitenkabe,808A4DC0
00C74280,ovl_Bg_Mori_Rakkatenjo,808A5570
00C74F20,ovl_Bg_Po_Event,808A6210
00C76DB0,ovl_Bg_Po_Syokudai,808A80B0
00C777E0,ovl_Bg_Pushbox,808A8AE0
00C77B50,ovl_Bg_Relay_Objects,808A8E50
00C782E0,ovl_Bg_Spot00_Break,808A95E0
00C78480,ovl_Bg_Spot00_Hanebasi,808A9780
00C796C0,ovl_Bg_Spot01_Fusya,808AA9C0
00C799E0,ovl_Bg_Spot01_Idohashira,808AACE0
00C7A7E0,ovl_Bg_Spot01_Idomizu,808ABAE0
00C7AB80,ovl_Bg_Spot01_Idosoko,808ABE80
00C7AE40,ovl_Bg_Spot01_Objects2,808AC140
00C7B360,ovl_Bg_Spot02_Objects,808AC660
00C7C7E0,ovl_Bg_Spot03_Taki,808ADAE0
00C7D170,ovl_Bg_Spot05_Soko,808AE470
00C7D480,ovl_Bg_Spot06_Objects,808AE780
00C7E930,ovl_Bg_Spot07_Taki,808AFC30
00C7EFD0,ovl_Bg_Spot08_Bakudankabe,808B02D0
00C7F660,ovl_Bg_Spot08_Iceblock,808B0960
00C807E0,ovl_Bg_Spot09_Obj,808B1AE0
00C80E80,ovl_Bg_Spot11_Bakudankabe,808B2180
00C814F0,ovl_Bg_Spot11_Oasis,808B27F0
00C81C90,ovl_Bg_Spot12_Gate,808B2F90
00C82120,ovl_Bg_Spot12_Saku,808B3420
00C82660,ovl_Bg_Spot15_Rrbox,808B3960
00C83550,ovl_Bg_Spot15_Saku,808B4850
00C83930,ovl_Bg_Spot16_Bombstone,808B4C30
00C85140,ovl_Bg_Spot16_Doughnut,808B6440
00C858C0,ovl_Bg_Spot17_Bakudankabe,808B6BC0
00C86100,ovl_Bg_Spot17_Funen,808B7400
00C86410,ovl_Bg_Spot18_Basket,808B7710
00C87480,ovl_Bg_Spot18_Futa,808B8780
00C87610,ovl_Bg_Spot18_Obj,808B8910
00C880D0,ovl_Bg_Spot18_Shutter,808B93D0
00C88610,ovl_Bg_Sst_Floor,808B9910
00C88C00,ovl_Bg_Toki_Hikari,808B9F00
00C89B40,ovl_Bg_Toki_Swd,808BAE40
00C8B200,ovl_Bg_Treemouth,808BC500
00C8C8E0,ovl_Bg_Umajump,808BDBE0
00C8CA60,ovl_Bg_Vb_Sima,808BDD60
00C8D200,ovl_Bg_Ydan_Hasi,808BE500
00C8DA40,ovl_Bg_Ydan_Maruta,808BED40
00C8E110,ovl_Bg_Ydan_Sp,808BF410
00C8F920,ovl_Bg_Zg,808C0C20
00C8FE90,ovl_Boss_Dodongo,808C1190
00C99AC0,ovl_Boss_Fd,808CADC0
00CA1370,ovl_Boss_Fd2,808D2670
00CA5570,ovl_Boss_Ganon,808D6870
00CC80C0,ovl_Boss_Ganon2,808FCF40
00CD9CA0,ovl_Boss_Ganondrof,80910640
00CDF070,ovl_Boss_Goma,80915A10
00CE5160,ovl_Boss_Mo,8091BB00
00CF1120,ovl_Boss_Sst,8092C5D0
00CFD7E0,ovl_Boss_Tw,80938CD0
00D11350,ovl_Boss_Va,8094F2C0
00D1FFE0,ovl_Demo_6K,80966950
00D23160,ovl_Demo_Du,80969AD0
00D26B40,ovl_Demo_Ec,8096D4B0
00D2A5E0,ovl_Demo_Effect,80970F50
00D30A20,ovl_Demo_Ext,80977390
00D314D0,ovl_Demo_Geff,80977E40
00D31FC0,ovl_Demo_Gj,80978930
00D35F00,ovl_Demo_Go,8097C870
00D36D00,ovl_Demo_Gt,8097D670
00D3C990,ovl_Demo_Ik,80983300
00D3E270,ovl_Demo_Im,80984BE0
00D42510,ovl_Demo_Kankyo,80988E80
00D46610,ovl_Demo_Kekkai,8098CFD0
00D47AA0,ovl_Demo_Sa,8098E460
00D4A870,ovl_Demo_Shd,80991230
00D4CD00,ovl_Demo_Tre_Lgt,809936C0
00D4D530,ovl_Door_Ana,80993EF0
00D4DC20,ovl_Door_Gerudo,809945E0
00D4E290,ovl_Door_Killer,80994C50
00D4F8E0,ovl_Door_Shutter,809962A0
00D51C60,ovl_Door_Toki,80998620
00D51DC0,ovl_Door_Warp1,80998780
00D562E0,ovl_Efc_Erupc,8099CCB0
00D56F00,ovl_Eff_Dust,8099D8D0
00D583E0,ovl_Effect_Ss_Blast,8099EDB0
00D587E0,ovl_Effect_Ss_Bomb,8099F1B0
00D58C80,ovl_Effect_Ss_Bomb2,8099F650
00D59670,ovl_Effect_Ss_Bubble,809A0040
00D59B80,ovl_Effect_Ss_D_Fire,809A0550
00D5A0D0,ovl_Effect_Ss_Dead_Db,809A0AA0
00D5A610,ovl_Effect_Ss_Dead_Dd,809A0FE0
00D5AC40,ovl_Effect_Ss_Dead_Ds,809A1610
00D5B160,ovl_Effect_Ss_Dead_Sound,809A1B30
00D5B2E0,ovl_Effect_Ss_Dt_Bubble,809A1CB0
00D5B900,ovl_Effect_Ss_Dust,809A22D0
00D5C190,ovl_Effect_Ss_En_Fire,809A2B60
00D5C960,ovl_Effect_Ss_En_Ice,809A3330
00D5D2F0,ovl_Effect_Ss_Extra,809A3CC0
00D5D750,ovl_Effect_Ss_Fcircle,809A4120
00D5DC90,ovl_Effect_Ss_Fhg_Flash,809A4660
00D5ED70,ovl_Effect_Ss_Fire_Tail,809A5740
00D5F500,ovl_Effect_Ss_G_Fire,809A5ED0
00D5F780,ovl_Effect_Ss_G_Magma,809A6150
00D5F9D0,ovl_Effect_Ss_G_Magma2,809A63A0
00D5FF90,ovl_Effect_Ss_G_Ripple,809A6960
00D60560,ovl_Effect_Ss_G_Spk,809A6F30
00D60B70,ovl_Effect_Ss_G_Splash,809A7540
00D61020,ovl_Effect_Ss_Hahen,809A79F0
00D61780,ovl_Effect_Ss_HitMark,809A8150
00D61D30,ovl_Effect_Ss_Ice_Piece,809A8700
00D62220,ovl_Effect_Ss_Ice_Smoke,809A8BF0
00D627E0,ovl_Effect_Ss_K_Fire,809A91B0
00D62CB0,ovl_Effect_Ss_Kakera,809A9680
00D63E40,ovl_Effect_Ss_KiraKira,809AA810
00D64520,ovl_Effect_Ss_Lightning,809AAEF0
00D64C60,ovl_Effect_Ss_Sibuki,809AB630
00D65390,ovl_Effect_Ss_Sibuki2,809ABD60
00D65760,ovl_Effect_Ss_Solder_Srch_Ball,809AC130
00D65900,ovl_Effect_Ss_Stick,809AC2D0
00D65D30,ovl_Effect_Ss_Stone1,809AC700
00D66150,ovl_Elf_Msg,809ACB20
00D66D30,ovl_Elf_Msg2,809AD700
00D67550,ovl_En_Am,809ADF20
00D699A0,ovl_En_Ani,809B0370
00D6A750,ovl_En_Anubice,809B1120
00D6BBD0,ovl_En_Anubice_Fire,809B25A0
00D6CA30,ovl_En_Anubice_Tag,809B3400
00D6CE00,ovl_En_Arow_Trap,809B37D0
00D6CF50,ovl_En_Arrow,809B3920
00D6E730,ovl_En_Attack_Niw,809B5100
00D6F980,ovl_En_Ba,809B6350
00D71910,ovl_En_Bb,809B82E0
00D75660,ovl_En_Bdfire,809BC030
00D76290,ovl_En_Bigokuta,809BCC60
00D78ED0,ovl_En_Bili,809BF8A0
00D7B1E0,ovl_En_Bird,809C1BB0
00D7B690,ovl_En_Blkobj,809C2060
00D7BD00,ovl_En_Bom,809C26D0
00D7CC60,ovl_En_Bom_Bowl_Man,809C3630
00D7E470,ovl_En_Bom_Bowl_Pit,809C4E40
00D7EE60,ovl_En_Bom_Chu,809C5830
00D80590,ovl_En_Bombf,809C6F60
00D81AB0,ovl_En_Boom,809C8480
00D823F0,ovl_En_Box,809C8DC0
00D84130,ovl_En_Brob,809CAB10
00D85220,ovl_En_Bubble,809CBC00
00D86690,ovl_En_Butte,809CD070
00D87D00,ovl_En_Bw,809CE6E0
00D8B100,ovl_En_Bx,809D1AE0
00D8BCB0,ovl_En_Changer,809D2690
00D8CBD0,ovl_En_Clear_Tag,809D35B0
00D959F0,ovl_En_Cow,809DEE00
00D96E30,ovl_En_Crow,809E0240
00D984A0,ovl_En_Cs,809E18B0
00D99720,ovl_En_Daiku,809E2B30
00D9AF10,ovl_En_Daiku_Kakariko,809E4320
00D9C3C0,ovl_En_Dekubaba,809E57D0
00DA0150,ovl_En_Dekunuts,809E9560
00DA1930,ovl_En_Dh,809EAD40
00DA3470,ovl_En_Dha,809EC880
00DA4460,ovl_En_Diving_Game,809ED870
00DA5F40,ovl_En_Dns,809EF350
00DA74D0,ovl_En_Dnt_Demo,809F08E0
00DA86D0,ovl_En_Dnt_Jiji,809F1AE0
00DA9EB0,ovl_En_Dnt_Nomal,809F32C0
00DACFB0,ovl_En_Dodojr,809F63C0
00DAEE40,ovl_En_Dodongo,809F8250
00DB1BC0,ovl_En_Dog,809FAFD0
00DB2DC0,ovl_En_Door,809FC1D0
00DB3C20,ovl_En_Ds,809FD030
00DB4820,ovl_En_Du,809FDC30
00DB62E0,ovl_En_Dy_Extra,809FF6F0
00DB6980,ovl_En_Eg,809FFD90
00DB6B90,ovl_En_Eiyer,809FFFA0
00DB8820,ovl_En_Elf,80A01C30
00DBD310,ovl_En_Encount1,80A06720
00DBE580,ovl_En_Encount2,80A07990
00DBFA90,ovl_En_Ex_Item,80A08EA0
00DC1000,ovl_En_Ex_Ruppy,80A0A410
00DC22B0,ovl_En_Fd,80A0B6C0
00DC50A0,ovl_En_Fd_Fire,80A0E4B0
00DC5E50,ovl_En_Fhg_Fire,80A0F260
00DC8810,ovl_En_Fire_Rock,80A11C20
00DC9C60,ovl_En_Firefly,80A13070
00DCBE70,ovl_En_Fish,80A15280
00DCE100,ovl_En_Floormas,80A17510
00DD1590,ovl_En_Fr,80A1A9A0
00DD4400,ovl_En_Fu,80A1D810
00DD5180,ovl_En_Fw,80A1E5A0
00DD69A0,ovl_En_Fz,80A1FDC0
00DD8AA0,ovl_En_G_Switch,80A21EC0
00DDA940,ovl_En_Ganon_Mant,80A23D60
00DDEBE0,ovl_En_Ganon_Organ,80A28000
00DE5D60,ovl_En_Gb,80A2F180
00DE7550,ovl_En_Ge1,80A30970
00DE97B0,ovl_En_Ge2,80A32BD0
00DEB200,ovl_En_Ge3,80A34620
00DEBEF0,ovl_En_GeldB,80A35310
00DF1330,ovl_En_GirlA,80A3A750
00DF42C0,ovl_En_Gm,80A3D6E0
00DF5150,ovl_En_Go,80A3E570
00DF9910,ovl_En_Go2,80A42D30
00DFFAA0,ovl_En_Goma,80A48EC0
00E02880,ovl_En_Goroiwa,80A4BCA0
00E04F00,ovl_En_Gs,80A4E320
00E06E00,ovl_En_Guest,80A50220
00E07930,ovl_En_Hata,80A50D50
00E07EB0,ovl_En_Heishi1,80A512D0
00E09A80,ovl_En_Heishi2,80A52EA0
00E0C220,ovl_En_Heishi3,80A55640
00E0CCB0,ovl_En_Heishi4,80A560D0
00E0DDE0,ovl_En_Hintnuts,80A57200
00E0F7F0,ovl_En_Holl,80A58C10
00E10810,ovl_En_Honotrap,80A59C30
00E11ED0,ovl_En_Horse,80A5B2F0
00E1E130,ovl_En_Horse_Game_Check,80A67550
00E1F240,ovl_En_Horse_Ganon,80A68660
00E1FFB0,ovl_En_Horse_Link_Child,80A693D0
00E21E30,ovl_En_Horse_Normal,80A6B250
00E244B0,ovl_En_Horse_Zelda,80A6D8D0
00E24F80,ovl_En_Hs,80A6E3A0
00E25B80,ovl_En_Hs2,80A6EFA0
00E26190,ovl_En_Hy,80A6F5B0
00E29BD0,ovl_En_Ice_Hono,80A72FF0
00E2AEF0,ovl_En_Ik,80A74310
00E2FB80,ovl_En_In,80A78FB0
00E329F0,ovl_En_Insect,80A7BE20
00E35030,ovl_En_Ishi,80A7E460
00E3E250,ovl_En_It,80A87680
00E3E3D0,ovl_En_Jj,80A87800
00E3F9E0,ovl_En_Js,80A88E10
00E40370,ovl_En_Jsjutan,80A897A0
00E451E0,ovl_En_Kakasi,80A8F170
00E46080,ovl_En_Kakasi2,80A90010
00E46D90,ovl_En_Kakasi3,80A90D20
00E48010,ovl_En_Kanban,80A91FA0
00E4B3C0,ovl_En_Karebaba,80A95350
00E4CE20,ovl_En_Ko,80A96DB0
00E51010,ovl_En_Kusa,80A9AFA0
00E525C0,ovl_En_Kz,80A9C550
00E53BB0,ovl_En_Light,80A9DB40
00E54A40,ovl_En_Lightbox,80A9E9D0
00E54EB0,ovl_En_M_Fire1,80A9EE40
00E55050,ovl_En_M_Thunder,80A9EFE0
00E56700,ovl_En_Ma1,80AA0690
00E57A10,ovl_En_Ma2,80AA19A0
00E58B10,ovl_En_Ma3,80AA2AA0
00E59B70,ovl_En_Mag,80AA3B00
00E5C0C0,ovl_En_Mb,80AA6050
00E602C0,ovl_En_Md,80AAA250
00E62970,ovl_En_Mk,80AAC900
00E637E0,ovl_En_Mm,80AAD770
00E64EC0,ovl_En_Mm2,80AAEE50
00E65D90,ovl_En_Ms,80AAFD20
00E66490,ovl_En_Mu,80AB0420
00E66E00,ovl_En_Nb,80AB0D90
00E6B7F0,ovl_En_Niw,80AB5780
00E6EFF0,ovl_En_Niw_Girl,80AB8F80
00E6FCB0,ovl_En_Niw_Lady,80AB9C40
00E71AC0,ovl_En_Nutsball,80ABBA50
00E72150,ovl_En_Nwc,80ABC0E0
00E72C20,ovl_En_Ny,80ABCBB0
00E74710,ovl_En_OE2,80ABE6A0
00E747D0,ovl_En_Okarina_Effect,80ABE760
00E74D90,ovl_En_Okarina_Tag,80ABED20
00E766D0,ovl_En_Okuta,80AC0660
00E78D10,ovl_En_Ossan,80AC2CA0
00E7FF90,ovl_En_Owl,80AC9F20
00E83E40,ovl_En_Part,80ACDDD0
00E85510,ovl_En_Peehat,80ACF4A0
00E88D20,ovl_En_Po_Desert,80AD2CB0
00E89B70,ovl_En_Po_Field,80AD3B00
00E8D720,ovl_En_Po_Relay,80AD7740
00E8EF70,ovl_En_Po_Sisters,80AD8F90
00E93D30,ovl_En_Poh,80ADDD50
00E980A0,ovl_En_Pu_box,80AE20C0
00E983E0,ovl_En_Rd,80AE2400
00E9ACB0,ovl_En_Reeba,80AE4CD0
00E9C910,ovl_En_River_Sound,80AE6930
00E9D290,ovl_En_Rl,80AE72B0
00E9E420,ovl_En_Rr,80AE8440
00EA0BF0,ovl_En_Ru1,80AEAC10
00EA8530,ovl_En_Ru2,80AF2550
00EAB540,ovl_En_Sa,80AF5560
00EAD7D0,ovl_En_Sb,80AF77F0
00EAEC50,ovl_En_Scene_Change,80AF8C70
00EAEE00,ovl_En_Sda,80AF8E20
00EB0640,ovl_En_Shopnuts,80AFA720
00EB15B0,ovl_En_Si,80AFB690
00EB1AA0,ovl_En_Siofuki,80AFBB80
00EB28C0,ovl_En_Skb,80AFC9A0
00EB41D0,ovl_En_Skj,80AFE2B0
00EB7DC0,ovl_En_Skjneedle,80B01EB0
00EB8180,ovl_En_Ssh,80B02270
00EBA7A0,ovl_En_St,80B04890
00EBD450,ovl_En_Sth,80B07540
00EC16B0,ovl_En_Stream,80B0B7A0
00EC1CC0,ovl_En_Sw,80B0BDB0
00EC5540,ovl_En_Syateki_Itm,80B0F6B0
00EC6700,ovl_En_Syateki_Man,80B10870
00EC7780,ovl_En_Syateki_Niw,80B118F0
00EC9930,ovl_En_Ta,80B13AA0
00ECD3F0,ovl_En_Takara_Man,80B17560
00ECDDC0,ovl_En_Tana,80B17F30
00ECE1F0,ovl_En_Tg,80B18360
00ECE910,ovl_En_Tite,80B18A80
00ED1790,ovl_En_Tk,80B1B900
00ED3720,ovl_En_Torch,80B1D890
00ED3810,ovl_En_Torch2,80B1D980
00ED5FC0,ovl_En_Toryo,80B20170
00ED6C30,ovl_En_Tp,80B20DE0
00ED8B40,ovl_En_Tr,80B22CF0
00EDA4B0,ovl_En_Trap,80B24660
00EDB740,ovl_En_Tubo_Trap,80B258F0
00EDC500,ovl_En_Vali,80B266B0
00EDED00,ovl_En_Vase,80B28EB0
00EDEDF0,ovl_En_Vb_Ball,80B28FA0
00EE0050,ovl_En_Viewer,80B2A200
00EE3290,ovl_En_Vm,80B2D460
00EE4C20,ovl_En_Wall_Tubo,80B2EDF0
00EE5350,ovl_En_Wallmas,80B2F520
00EE6E50,ovl_En_Weather_Tag,80B31020
00EE80C0,ovl_En_Weiyer,80B32290
00EE9AE0,ovl_En_Wf,80B33CB0
00EEDE90,ovl_En_Wonder_Item,80B38060
00EEEE40,ovl_En_Wonder_Talk,80B390F0
00EEFC20,ovl_En_Wonder_Talk2,80B39ED0
00EF0CC0,ovl_En_Wood02,80B3AF70
00EF1F20,ovl_En_Xc,80B3C1E0
00EF8AD0,ovl_En_Yabusame_Mark,80B42DC0
00EF96D0,ovl_En_Yukabyun,80B439C0
00EF9D60,ovl_En_Zf,80B44050
00F00840,ovl_En_Zl1,80B4AB40
00F04690,ovl_En_Zl2,80B4E990
00F090B0,ovl_En_Zl3,80B533B0
00F114B0,ovl_En_Zl4,80B5B7B0
00F15F20,ovl_En_Zo,80B60220
00F186C0,ovl_En_fHG,80B629C0
00F1B420,ovl_End_Title,80B65720
00F1F6A0,ovl_Fishing,80B699A0
00F33D70,ovl_Item_B_Heart,80B85150
00F34210,ovl_Item_Etcetera,80B855F0
00F34C00,ovl_Item_Inbox,80B85FE0
00F34D50,ovl_Item_Ocarina,80B86130
00F35540,ovl_Item_Shield,80B86920
00F35FF0,ovl_Magic_Dark,80B873D0
00F37990,ovl_Magic_Fire,80B88D70
00F39D20,ovl_Magic_Wind,80B8B100
00F3BC70,ovl_Mir_Ray,80B8D050
00F3D6A0,ovl_Obj_Bean,80B8EA80
00F40080,ovl_Obj_Blockstop,80B91460
00F40210,ovl_Obj_Bombiwa,80B915F0
00F40780,ovl_Obj_Comb,80B91B60
00F41040,ovl_Obj_Dekujr,80B92420
00F41720,ovl_Obj_Elevator,80B92B00
00F41BB0,ovl_Obj_Hamishi,80B92F90
00F42480,ovl_Obj_Hana,80B93860
00F42780,ovl_Obj_Hsblock,80B93B60
00F42E80,ovl_Obj_Ice_Poly,80B94260
00F438C0,ovl_Obj_Kibako,80B94CA0
00F445F0,ovl_Obj_Kibako2,80B959D0
00F44CF0,ovl_Obj_Lift,80B960D0
00F457C0,ovl_Obj_Lightswitch,80B96BA0
00F46E90,ovl_Obj_Makekinsuta,80B98270
00F47130,ovl_Obj_Makeoshihiki,80B98510
00F476C0,ovl_Obj_Mure,80B98AA0
00F48B60,ovl_Obj_Mure2,80B99F40
00F495F0,ovl_Obj_Mure3,80B9A9D0
00F49DA0,ovl_Obj_Oshihiki,80B9B180
00F4BBF0,ovl_Obj_Roomtimer,80B9CFD0
00F4BE30,ovl_Obj_Switch,80B9D210
00F4DED0,ovl_Obj_Syokudai,80B9F2B0
00F4EBB0,ovl_Obj_Timeblock,80B9FFA0
00F4F970,ovl_Obj_Tsubo,80BA0D60
00F50A00,ovl_Obj_Warp2block,80BA1DF0
00F516B0,ovl_Object_Kankyo,80BA2AA0
00F54C80,ovl_Oceff_Spot,80BA6070
00F55CF0,ovl_Oceff_Storm,80BA70E0
00F579A0,ovl_Oceff_Wipe,80BA8D90
00F587C0,ovl_Oceff_Wipe2,80BA9BB0
00F5A000,ovl_Oceff_Wipe3,80BAB3F0
00F5B820,ovl_Oceff_Wipe4,80BACC10
00F5C8D0,ovl_Shot_Sun,80BADCC0
00F5E000,gameplay_keep,*
00FB5000,gameplay_field_keep,*
00FC3000,gameplay_dangeon_keep,*
00FDB000,gameplay_object_exchange_static,*
00FDC000,object_link_boy,*
01014000,object_link_child,*
01041000,object_box,*
01047000,object_human,*
0105B000,object_okuta,*
0105F000,object_poh,*
01065000,object_wallmaster,*
01070000,object_dy_obj,*
0108E000,object_firefly,*
01090000,object_dodongo,*
0109A000,object_fire,*
0109F000,object_niw,*
010A2000,object_tite,*
010A6000,object_reeba,*
010A8000,object_peehat,*
010AA000,object_kingdodongo,*
010DB000,object_horse,*
010E9000,object_zf,*
01100000,object_goma,*
01120000,object_zl1,*
01135000,object_gol,*
0113A000,object_bubble,*
0113C000,object_dodojr,*
0113F000,object_torch2,*
01144000,object_bl,*
0114A000,object_tp,*
0114C000,object_oA1,*
01151000,object_st,*
01157000,object_bw,*
0115A000,object_ei,*
0115E000,object_horse_normal,*
01168000,object_oB1,*
0116F000,object_o_anime,*
01172000,object_spot04_objects,*
01174000,object_ddan_objects,*
0117D000,object_hidan_objects,*
01195000,object_horse_ganon,*
011A2000,object_oA2,*
011A8000,object_spot00_objects,*
011AA000,object_mb,*
011BF000,object_bombf,*
011C1000,object_sk2,*
011D0000,object_oE1,*
011D7000,object_oE_anime,*
011DD000,object_oE2,*
011E3000,object_ydan_objects,*
011ED000,object_gnd,*
01200000,object_am,*
01206000,object_dekubaba,*
0120A000,object_oA3,*
0120D000,object_oA4,*
0120F000,object_oA5,*
01211000,object_oA6,*
01213000,object_oA7,*
01215000,object_jj,*
01221000,object_oA8,*
01223000,object_oA9,*
01224000,object_oB2,*
01229000,object_oB3,*
0122E000,object_oB4,*
01230000,object_horse_zelda,*
01238000,object_opening_demo1,*
0123E000,object_warp1,*
01241000,object_b_heart,*
01242000,object_dekunuts,*
01246000,object_oE3,*
0124E000,object_oE4,*
01253000,object_menkuri_objects,*
0125C000,object_oE5,*
01262000,object_oE6,*
01265000,object_oE7,*
01268000,object_oE8,*
0126C000,object_oE9,*
0126F000,object_oE10,*
01272000,object_oE11,*
01276000,object_oE12,*
0127A000,object_vali,*
0127F000,object_oA10,*
01282000,object_oA11,*
01284000,object_mizu_objects,*
01290000,object_fhg,*
012A3000,object_ossan,*
012AD000,object_mori_hineri1,*
012B3000,object_Bb,*
012B5000,object_toki_objects,*
012BE000,object_yukabyun,*
012C0000,object_zl2,*
012D1000,object_mjin,*
012D3000,object_mjin_flash,*
012D4000,object_mjin_dark,*
012D5000,object_mjin_flame,*
012D6000,object_mjin_ice,*
012D7000,object_mjin_soul,*
012D8000,object_mjin_wind,*
012D9000,object_mjin_oka,*
012DB000,object_haka_objects,*
012F9000,object_spot06_objects,*
012FC000,object_ice_objects,*
01305000,object_relay_objects,*
01309000,object_mori_hineri1a,*
0130D000,object_mori_hineri2,*
01312000,object_mori_hineri2a,*
01319000,object_mori_objects,*
01322000,object_mori_tex,*
0132C000,object_spot08_obj,*
01332000,object_warp2,*
01333000,object_hata,*
01336000,object_bird,*
01339000,object_wood02,*
01342000,object_lightbox,*
01344000,object_pu_box,*
01346000,object_trap,*
01349000,object_vase,*
0134B000,object_im,*
0135E000,object_ta,*
0136D000,object_tk,*
01379000,object_xc,*
01396000,object_vm,*
0139A000,object_bv,*
013BA000,object_hakach_objects,*
013C1000,object_efc_crystal_light,*
013C2000,object_efc_fire_ball,*
013C3000,object_efc_flash,*
013C4000,object_efc_lgt_shower,*
013C6000,object_efc_star_field,*
013C8000,object_god_lgt,*
013CD000,object_light_ring,*
013CF000,object_triforce_spot,*
013D2000,object_medal,*
013D8000,object_bdan_objects,*
013E5000,object_sd,*
013F2000,object_rd,*
01401000,object_po_sisters,*
01410000,object_heavy_object,*
01412000,object_gndd,*
01424000,object_fd,*
01436000,object_du,*
01449000,object_fw,*
01451000,object_horse_link_child,*
0145A000,object_spot02_objects,*
01471000,object_haka,*
01473000,object_ru1,*
01487000,object_syokudai,*
0148B000,object_fd2,*
0149D000,object_dh,*
014A7000,object_rl,*
014AF000,object_efc_tw,*
014B1000,object_demo_tre_lgt,*
014B2000,object_gi_key,*
014B3000,object_mir_ray,*
014B5000,object_brob,*
014B7000,object_gi_jewel,*
014BB000,object_spot09_obj,*
014D4000,object_spot18_obj,*
014E1000,object_bdoor,*
014E9000,object_spot17_obj,*
014EB000,object_shop_dungen,*
014EF000,object_nb,*
01508000,object_mo,*
01512000,object_sb,*
01515000,object_gi_melody,*
01516000,object_gi_heart,*
01517000,object_gi_compass,*
01518000,object_gi_bosskey,*
0151A000,object_gi_medal,*
01520000,object_gi_nuts,*
01522000,object_sa,*
01538000,object_gi_hearts,*
0153A000,object_gi_arrowcase,*
0153B000,object_gi_bombpouch,*
0153C000,object_in,*
01555000,object_tr,*
01568000,object_spot16_obj,*
0156A000,object_oE1s,*
01571000,object_oE4s,*
01576000,object_os_anime,*
01581000,object_gi_bottle,*
01582000,object_gi_stick,*
01583000,object_gi_map,*
01585000,object_oF1d_map,*
01596000,object_ru2,*
015A6000,object_gi_shield_1,*
015A7000,object_dekujr,*
015AB000,object_gi_magicpot,*
015AD000,object_gi_bomb_1,*
015AE000,object_oF1s,*
015B7000,object_ma2,*
015C1000,object_gi_purse,*
015C3000,object_hni,*
015CE000,object_tw,*
01609000,object_rr,*
0160A000,object_bxa,*
0160D000,object_anubice,*
01611000,object_gi_gerudo,*
01613000,object_gi_arrow,*
01615000,object_gi_bomb_2,*
01616000,object_gi_egg,*
01618000,object_gi_scale,*
01619000,object_gi_shield_2,*
0161B000,object_gi_hookshot,*
0161D000,object_gi_ocarina,*
0161E000,object_gi_milk,*
01620000,object_ma1,*
01629000,object_ganon,*
0163B000,object_sst,*
01656000,object_ny,*
01659000,object_fr,*
01665000,object_gi_pachinko,*
01666000,object_gi_boomerang,*
01667000,object_gi_bow,*
01668000,object_gi_glasses,*
0166A000,object_gi_liquid,*
0166C000,object_ani,*
01674000,object_demo_6k,*
01678000,object_gi_shield_3,*
0167A000,object_gi_letter,*
0167B000,object_spot15_obj,*
0167D000,object_jya_obj,*
0169A000,object_gi_clothes,*
0169C000,object_gi_bean,*
0169D000,object_gi_fish,*
0169E000,object_gi_saw,*
0169F000,object_gi_hammer,*
016A0000,object_gi_grass,*
016A1000,object_gi_longsword,*
016A2000,object_spot01_objects,*
016A5000,object_md,*
016B0000,object_km1,*
016B6000,object_kw1,*
016BD000,object_zo,*
016CA000,object_kz,*
016D3000,object_umajump,*
016D5000,object_masterkokiri,*
016D6000,object_masterkokirihead,*
016D9000,object_mastergolon,*
016DA000,object_masterzoora,*
016DB000,object_aob,*
016E1000,object_ik,*
01702000,object_ahg,*
01708000,object_cne,*
0170B000,object_gi_niwatori,*
0170D000,object_skj,*
01716000,object_gi_bottle_letter,*
01717000,object_bji,*
0171C000,object_bba,*
01721000,object_gi_ocarina_0,*
01722000,object_ds,*
01727000,object_ane,*
0172E000,object_boj,*
01734000,object_spot03_object,*
01736000,object_spot07_object,*
0173D000,object_fz,*
01741000,object_bob,*
01746000,object_ge1,*
01751000,object_yabusame_point,*
01752000,object_gi_boots_2,*
01754000,object_gi_seed,*
01755000,object_gnd_magic,*
01757000,object_d_elevator,*
01759000,object_d_hsblock,*
0175B000,object_d_lift,*
0175D000,object_mamenoki,*
01760000,object_goroiwa,*
01762000,object_toryo,*
0176A000,object_daiku,*
01773000,object_nwc,*
01774000,object_blkobj,*
01788000,object_gm,*
01789000,object_ms,*
0178D000,object_hs,*
01794000,object_ingate,*
01796000,object_lightswitch,*
01799000,object_kusa,*
0179A000,object_tsubo,*
0179C000,object_gi_gloves,*
0179E000,object_gi_coin,*
0179F000,object_kanban,*
017A1000,object_gjyo_objects,*
017A3000,object_owl,*
017B4000,object_mk,*
017BA000,object_fu,*
017C1000,object_gi_ki_tan_mask,*
017C2000,object_gi_redead_mask,*
017C3000,object_gi_skj_mask,*
017C4000,object_gi_rabit_mask,*
017C5000,object_gi_truth_mask,*
017C7000,object_ganon_objects,*
017C9000,object_siofuki,*
017CA000,object_stream,*
017CB000,object_mm,*
017D4000,object_fa,*
017D8000,object_os,*
017DD000,object_gi_eye_lotion,*
017DE000,object_gi_powder,*
017DF000,object_gi_mushroom,*
017E0000,object_gi_ticketstone,*
017E2000,object_gi_brokensword,*
017E3000,object_js,*
017E9000,object_cs,*
017F2000,object_gi_prescription,*
017F3000,object_gi_bracelet,*
017F4000,object_gi_soldout,*
017F5000,object_gi_frog,*
017F7000,object_mag,*
0181D000,object_door_gerudo,*
0181E000,object_gt,*
01832000,object_efc_erupc,*
01835000,object_zl2_anime1,*
01841000,object_zl2_anime2,*
0184C000,object_gi_golonmask,*
0184E000,object_gi_zoramask,*
01850000,object_gi_gerudomask,*
01852000,object_ganon2,*
01888000,object_ka,*
0188F000,object_ts,*
01894000,object_zg,*
01896000,object_gi_hoverboots,*
01898000,object_gi_m_arrow,*
01899000,object_ds2,*
0189E000,object_ec,*
018AB000,object_fish,*
018C1000,object_gi_sutaru,*
018C2000,object_gi_goddess,*
018C3000,object_ssh,*
018C9000,object_bigokuta,*
018D0000,object_bg,*
018D8000,object_spot05_objects,*
018DA000,object_spot12_obj,*
018DD000,object_bombiwa,*
018DE000,object_hintnuts,*
018E2000,object_rs,*
018E7000,object_spot00_break,*
018E9000,object_gla,*
018F3000,object_shopnuts,*
018F8000,object_geldb,*
01904000,object_gr,*
0190E000,object_dog,*
01916000,object_jya_iron,*
01919000,object_jya_door,*
0191C000,object_spot01_objects2,*
0191D000,object_spot11_obj,*
0191F000,object_kibako2,*
01921000,object_dns,*
01925000,object_dnk,*
01928000,object_gi_fire,*
01929000,object_gi_insect,*
0192A000,object_gi_butterfly,*
0192B000,object_gi_ghost,*
0192C000,object_gi_soul,*
0192D000,object_bowl,*
01931000,object_po_field,*
01938000,object_demo_kekkai,*
01947000,object_efc_doughnut,*
01949000,object_gi_dekupouch,*
0194B000,object_ganon_anime1,*
01957000,object_ganon_anime2,*
01968000,object_ganon_anime3,*
0197D000,object_gi_rupy,*
0197E000,object_spot01_matoya,*
01982000,object_spot01_matoyab,*
01985000,object_po_composer,*
0198C000,object_mu,*
01997000,object_wf,*
019A2000,object_skb,*
019A7000,object_gj,*
019B2000,object_geff,*
019B3000,object_haka_door,*
019B7000,object_gs,*
019B8000,object_ps,*
019C5000,object_bwall,*
019C7000,object_crow,*
019C9000,object_cow,*
019CE000,object_cob,*
019D1000,object_gi_sword_1,*
019D2000,object_door_killer,*
019D4000,object_ouke_haka,*
019D5000,object_timeblock,*
019D6000,object_zl4,*
019F3000,g_pn_01,*
019F6000,g_pn_02,*
019F9000,g_pn_03,*
019FC000,g_pn_04,*
019FF000,g_pn_05,*
01A02000,g_pn_06,*
01A05000,g_pn_07,*
01A08000,g_pn_08,*
01A0B000,g_pn_09,*
01A0E000,g_pn_10,*
01A11000,g_pn_11,*
01A14000,g_pn_12,*
01A17000,g_pn_13,*
01A1A000,g_pn_14,*
01A1D000,g_pn_15,*
01A20000,g_pn_16,*
01A23000,g_pn_17,*
01A26000,g_pn_18,*
01A29000,g_pn_19,*
01A2C000,g_pn_20,*
01A2F000,g_pn_21,*
01A32000,g_pn_22,*
01A35000,g_pn_23,*
01A38000,g_pn_24,*
01A3B000,g_pn_25,*
01A3E000,g_pn_26,*
01A41000,g_pn_27,*
01A44000,g_pn_28,*
01A47000,g_pn_29,*
01A4A000,g_pn_30,*
01A4D000,g_pn_31,*
01A50000,g_pn_32,*
01A53000,g_pn_33,*
01A56000,g_pn_34,*
01A59000,g_pn_35,*
01A5C000,g_pn_36,*
01A5F000,g_pn_37,*
01A62000,g_pn_38,*
01A65000,g_pn_39,*
01A68000,g_pn_40,*
01A6B000,g_pn_41,*
01A6E000,g_pn_42,*
01A71000,g_pn_43,*
01A74000,g_pn_44,*
01A77000,g_pn_45,*
01A7A000,g_pn_46,*
01A7D000,g_pn_47,*
01A80000,g_pn_48,*
01A83000,g_pn_49,*
01A86000,g_pn_50,*
01A89000,g_pn_51,*
01A8C000,g_pn_52,*
01A8F000,g_pn_53,*
01A92000,g_pn_54,*
01A95000,g_pn_55,*
01A98000,g_pn_56,*
01A9B000,g_pn_57,*
01A9E000,z_select_static,*
01AA1000,nintendo_rogo_static,*
01AA4000,title_static,*
01AEC000,parameter_static,*
01AF0000,vr_fine0_static,*
01AFC000,vr_fine0_pal_static,*
01AFD000,vr_fine1_static,*
01B09000,vr_fine1_pal_static,*
01B0A000,vr_fine2_static,*
01B16000,vr_fine2_pal_static,*
01B17000,vr_fine3_static,*
01B23000,vr_fine3_pal_static,*
01B24000,vr_cloud0_static,*
01B30000,vr_cloud0_pal_static,*
01B31000,vr_cloud1_static,*
01B3D000,vr_cloud1_pal_static,*
01B3E000,vr_cloud2_static,*
01B4A000,vr_cloud2_pal_static,*
01B4B000,vr_cloud3_static,*
01B57000,vr_cloud3_pal_static,*
01B58000,vr_holy0_static,*
01B68000,vr_holy0_pal_static,*
01B69000,vr_holy1_static,*
01B79000,vr_holy1_pal_static,*
01B7A000,vr_MDVR_static,*
01BBA000,vr_MDVR_pal_static,*
01BBB000,vr_MNVR_static,*
01BFB000,vr_MNVR_pal_static,*
01BFC000,vr_RUVR_static,*
01C3C000,vr_RUVR_pal_static,*
01C3D000,vr_LHVR_static,*
01C7D000,vr_LHVR_pal_static,*
01C7E000,vr_KHVR_static,*
01CBE000,vr_KHVR_pal_static,*
01CBF000,vr_K3VR_static,*
01CEF000,vr_K3VR_pal_static,*
01CF0000,vr_K4VR_static,*
01D20000,vr_K4VR_pal_static,*
01D21000,vr_K5VR_static,*
01D51000,vr_K5VR_pal_static,*
01D52000,vr_SP1a_static,*
01D72000,vr_SP1a_pal_static,*
01D73000,vr_MLVR_static,*
01DB3000,vr_MLVR_pal_static,*
01DB4000,vr_KKRVR_static,*
01DF4000,vr_KKRVR_pal_static,*
01DF5000,vr_KR3VR_static,*
01E25000,vr_KR3VR_pal_static,*
01E26000,vr_IPVR_static,*
01E66000,vr_IPVR_pal_static,*
01E67000,vr_KSVR_static,*
01E87000,vr_KSVR_pal_static,*
01E88000,vr_GLVR_static,*
01EA8000,vr_GLVR_pal_static,*
01EA9000,vr_ZRVR_static,*
01EC9000,vr_ZRVR_pal_static,*
01ECA000,vr_DGVR_static,*
01EEA000,vr_DGVR_pal_static,*
01EEB000,vr_ALVR_static,*
01F0B000,vr_ALVR_pal_static,*
01F0C000,vr_NSVR_static,*
01F2C000,vr_NSVR_pal_static,*
01F2D000,vr_LBVR_static,*
01F6D000,vr_LBVR_pal_static,*
01F6E000,vr_TTVR_static,*
01F9E000,vr_TTVR_pal_static,*
01F9F000,vr_FCVR_static,*
01FBF000,vr_FCVR_pal_static,*
01FC0000,elf_message_field,*
01FC1000,elf_message_ydan,*
02793000,syotes_scene,*
02795000,syotes_room_0,*
027A2000,syotes2_scene,*
027A5000,syotes2_room_0,*
027AF000,depth_test_scene,*
027B0000,depth_test_room_0,*
027D6000,spot00_scene,*
02801000,spot00_room_0,*
02817000,spot01_scene,*
02834000,spot01_room_0,*
0283E000,spot02_scene,*
0284A000,spot02_room_0,*
0284D000,spot02_room_1,*
0286B000,spot03_scene,*
02877000,spot03_room_0,*
02885000,spot03_room_1,*
0288D000,spot04_scene,*
0289F000,spot04_room_0,*
028BB000,spot04_room_1,*
028C4000,spot04_room_2,*
028CA000,spot05_scene,*
028DF000,spot05_room_0,*
028E9000,spot06_scene,*
02905000,spot06_room_0,*
02910000,spot07_scene,*
0291A000,spot07_room_0,*
02921000,spot07_room_1,*
0292E000,spot08_scene,*
02940000,spot08_room_0,*
02949000,spot09_scene,*
0295B000,spot09_room_0,*
02964000,spot10_scene,*
02975000,spot10_room_0,*
02978000,spot10_room_1,*
02981000,spot10_room_2,*
02986000,spot10_room_3,*
0298C000,spot10_room_4,*
0298F000,spot10_room_5,*
02996000,spot10_room_6,*
0299A000,spot10_room_7,*
0299D000,spot10_room_8,*
029A0000,spot10_room_9,*
029A4000,spot11_scene,*
029BE000,spot11_room_0,*
029CB000,spot12_scene,*
029DB000,spot12_room_0,*
029ED000,spot12_room_1,*
029FA000,spot13_scene,*
02A00000,spot13_room_0,*
02A01000,spot13_room_1,*
02A14000,spot15_scene,*
02A2D000,spot15_room_0,*
02A3B000,spot16_scene,*
02A5A000,spot16_room_0,*
02A65000,spot17_scene,*
02A75000,spot17_room_0,*
02A7C000,spot17_room_1,*
02A8F000,spot18_scene,*
02A9A000,spot18_room_0,*
02AAD000,spot18_room_1,*
02AB4000,spot18_room_2,*
02AC6000,spot18_room_3,*
01FC2000,ydan_scene,*
01FD0000,ydan_room_0,*
01FE6000,ydan_room_1,*
01FEB000,ydan_room_2,*
01FF1000,ydan_room_3,*
02006000,ydan_room_4,*
0200B000,ydan_room_5,*
02014000,ydan_room_6,*
02019000,ydan_room_7,*
02022000,ydan_room_8,*
02023000,ydan_room_9,*
0202D000,ydan_room_10,*
02032000,ydan_room_11,*
0203A000,ddan_scene,*
02050000,ddan_room_0,*
0206C000,ddan_room_1,*
02076000,ddan_room_2,*
0207E000,ddan_room_3,*
0208C000,ddan_room_4,*
02096000,ddan_room_5,*
0209C000,ddan_room_6,*
0209F000,ddan_room_7,*
020A7000,ddan_room_8,*
020B1000,ddan_room_9,*
020BD000,ddan_room_10,*
020C5000,ddan_room_11,*
020C8000,ddan_room_12,*
020D1000,ddan_room_13,*
020D4000,ddan_room_14,*
020D7000,ddan_room_15,*
020DA000,ddan_room_16,*
020E0000,bdan_scene,*
020F6000,bdan_room_0,*
020FB000,bdan_room_1,*
02101000,bdan_room_2,*
0210B000,bdan_room_3,*
02113000,bdan_room_4,*
02118000,bdan_room_5,*
0211F000,bdan_room_6,*
02124000,bdan_room_7,*
02128000,bdan_room_8,*
0212C000,bdan_room_9,*
02130000,bdan_room_10,*
02134000,bdan_room_11,*
02138000,bdan_room_12,*
0213C000,bdan_room_13,*
0213F000,bdan_room_14,*
02146000,bdan_room_15,*
02149000,Bmori1_scene,*
0215F000,Bmori1_room_0,*
0216D000,Bmori1_room_1,*
02173000,Bmori1_room_2,*
02183000,Bmori1_room_3,*
02187000,Bmori1_room_4,*
0218B000,Bmori1_room_5,*
0218F000,Bmori1_room_6,*
02199000,Bmori1_room_7,*
021AC000,Bmori1_room_8,*
021C4000,Bmori1_room_9,*
021CF000,Bmori1_room_10,*
021D5000,Bmori1_room_11,*
021E0000,Bmori1_room_12,*
021E9000,Bmori1_room_13,*
021F2000,Bmori1_room_14,*
021F8000,Bmori1_room_15,*
021FB000,Bmori1_room_16,*
02200000,Bmori1_room_17,*
0220A000,Bmori1_room_18,*
0220C000,Bmori1_room_19,*
0220D000,Bmori1_room_20,*
0220F000,Bmori1_room_21,*
02211000,Bmori1_room_22,*
02213000,HIDAN_scene,*
0222E000,HIDAN_room_0,*
02236000,HIDAN_room_1,*
02243000,HIDAN_room_2,*
02254000,HIDAN_room_3,*
02257000,HIDAN_room_4,*
0225F000,HIDAN_room_5,*
0226A000,HIDAN_room_6,*
02271000,HIDAN_room_7,*
02275000,HIDAN_room_8,*
0227F000,HIDAN_room_9,*
02288000,HIDAN_room_10,*
022A1000,HIDAN_room_11,*
022A5000,HIDAN_room_12,*
022A8000,HIDAN_room_13,*
022B5000,HIDAN_room_14,*
022B8000,HIDAN_room_15,*
022BA000,HIDAN_room_16,*
022C6000,HIDAN_room_17,*
022D0000,HIDAN_room_18,*
022D4000,HIDAN_room_19,*
022D9000,HIDAN_room_20,*
022E0000,HIDAN_room_21,*
022E9000,HIDAN_room_22,*
022F0000,HIDAN_room_23,*
022F7000,HIDAN_room_24,*
022FD000,HIDAN_room_25,*
02304000,HIDAN_room_26,*
0230B000,MIZUsin_scene,*
02321000,MIZUsin_room_0,*
02337000,MIZUsin_room_1,*
02342000,MIZUsin_room_2,*
02348000,MIZUsin_room_3,*
0234F000,MIZUsin_room_4,*
02356000,MIZUsin_room_5,*
02361000,MIZUsin_room_6,*
0236D000,MIZUsin_room_7,*
02373000,MIZUsin_room_8,*
02381000,MIZUsin_room_9,*
0238A000,MIZUsin_room_10,*
02391000,MIZUsin_room_11,*
02396000,MIZUsin_room_12,*
0239D000,MIZUsin_room_13,*
0239E000,MIZUsin_room_14,*
023A5000,MIZUsin_room_15,*
023AD000,MIZUsin_room_16,*
023B1000,MIZUsin_room_17,*
023BA000,MIZUsin_room_18,*
023BF000,MIZUsin_room_19,*
023C3000,MIZUsin_room_20,*
023CA000,MIZUsin_room_21,*
023D2000,MIZUsin_room_22,*
023DC000,jyasinzou_scene,*
023F6000,jyasinzou_room_0,*
02407000,jyasinzou_room_1,*
02411000,jyasinzou_room_2,*
02417000,jyasinzou_room_3,*
0241B000,jyasinzou_room_4,*
02423000,jyasinzou_room_5,*
0243C000,jyasinzou_room_6,*
02441000,jyasinzou_room_7,*
02447000,jyasinzou_room_8,*
02450000,jyasinzou_room_9,*
02456000,jyasinzou_room_10,*
0245F000,jyasinzou_room_11,*
02461000,jyasinzou_room_12,*
02464000,jyasinzou_room_13,*
0246A000,jyasinzou_room_14,*
0246F000,jyasinzou_room_15,*
02478000,jyasinzou_room_16,*
0247F000,jyasinzou_room_17,*
02489000,jyasinzou_room_18,*
0248F000,jyasinzou_room_19,*
02495000,jyasinzou_room_20,*
0249E000,jyasinzou_room_21,*
024A3000,jyasinzou_room_22,*
024A7000,jyasinzou_room_23,*
024B1000,jyasinzou_room_24,*
024B8000,jyasinzou_room_25,*
024CE000,jyasinzou_room_26,*
024DB000,jyasinzou_room_27,*
024E1000,jyasinzou_room_28,*
024EA000,HAKAdan_scene,*
02503000,HAKAdan_room_0,*
0250F000,HAKAdan_room_1,*
02511000,HAKAdan_room_2,*
0251C000,HAKAdan_room_3,*
0251F000,HAKAdan_room_4,*
02521000,HAKAdan_room_5,*
02527000,HAKAdan_room_6,*
0252F000,HAKAdan_room_7,*
02531000,HAKAdan_room_8,*
02537000,HAKAdan_room_9,*
02544000,HAKAdan_room_10,*
0254C000,HAKAdan_room_11,*
02550000,HAKAdan_room_12,*
02556000,HAKAdan_room_13,*
02558000,HAKAdan_room_14,*
0255E000,HAKAdan_room_15,*
02566000,HAKAdan_room_16,*
02569000,HAKAdan_room_17,*
0256C000,HAKAdan_room_18,*
0257A000,HAKAdan_room_19,*
0257D000,HAKAdan_room_20,*
0257F000,HAKAdan_room_21,*
0258B000,HAKAdan_room_22,*
0258E000,HAKAdanCH_scene,*
0259B000,HAKAdanCH_room_0,*
025B1000,HAKAdanCH_room_1,*
025BD000,HAKAdanCH_room_2,*
025C1000,HAKAdanCH_room_3,*
025C3000,HAKAdanCH_room_4,*
025C6000,HAKAdanCH_room_5,*
025C9000,HAKAdanCH_room_6,*
025CC000,ice_doukutu_scene,*
025DE000,ice_doukutu_room_0,*
025E7000,ice_doukutu_room_1,*
025F4000,ice_doukutu_room_2,*
025FA000,ice_doukutu_room_3,*
02603000,ice_doukutu_room_4,*
0260B000,ice_doukutu_room_5,*
02614000,ice_doukutu_room_6,*
02619000,ice_doukutu_room_7,*
0261F000,ice_doukutu_room_8,*
02621000,ice_doukutu_room_9,*
0262A000,ice_doukutu_room_10,*
0262F000,ice_doukutu_room_11,*
02635000,men_scene,*
02647000,men_room_0,*
02657000,men_room_1,*
02661000,men_room_2,*
02667000,men_room_3,*
0266F000,men_room_4,*
0267A000,men_room_5,*
02680000,men_room_6,*
02688000,men_room_7,*
02691000,men_room_8,*
0269A000,men_room_9,*
0269E000,men_room_10,*
026A4000,ganontika_scene,*
026C6000,ganontika_room_0,*
026D0000,ganontika_room_1,*
026ED000,ganontika_room_2,*
026F5000,ganontika_room_3,*
026FF000,ganontika_room_4,*
02707000,ganontika_room_5,*
0270F000,ganontika_room_6,*
0271F000,ganontika_room_7,*
02727000,ganontika_room_8,*
02731000,ganontika_room_9,*
0273D000,ganontika_room_10,*
02744000,ganontika_room_11,*
0274B000,ganontika_room_12,*
02757000,ganontika_room_13,*
0275F000,ganontika_room_14,*
0276A000,ganontika_room_15,*
02772000,ganontika_room_16,*
02775000,ganontika_room_17,*
0277E000,ganontika_room_18,*
0278B000,ganontika_room_19,*
02AE4000,market_day_scene,*
02AE7000,market_day_room_0,*
02AED000,market_night_scene,*
02AF0000,market_night_room_0,*
02AF6000,testroom_scene,*
02AFB000,testroom_room_0,*
02B00000,testroom_room_1,*
02B03000,testroom_room_2,*
02B07000,testroom_room_3,*
02B0B000,testroom_room_4,*
02B0C000,kenjyanoma_scene,*
02B10000,kenjyanoma_room_0,*
02B24000,tokinoma_scene,*
02B37000,tokinoma_room_0,*
02B4F000,tokinoma_room_1,*
02B57000,sutaru_scene,*
02B58000,sutaru_room_0,*
02B60000,link_home_scene,*
02B62000,link_home_room_0,*
02B8A000,kokiri_shop_scene,*
02B8B000,kokiri_shop_room_0,*
02BBC000,kokiri_home_scene,*
02BBD000,kokiri_home_room_0,*
02BE9000,kakusiana_scene,*
02BF7000,kakusiana_room_0,*
02BFF000,kakusiana_room_1,*
02C05000,kakusiana_room_2,*
02C08000,kakusiana_room_3,*
02C0E000,kakusiana_room_4,*
02C16000,kakusiana_room_5,*
02C1B000,kakusiana_room_6,*
02C21000,kakusiana_room_7,*
02C25000,kakusiana_room_8,*
02C29000,kakusiana_room_9,*
02C2F000,kakusiana_room_10,*
02C35000,kakusiana_room_11,*
02C3E000,kakusiana_room_12,*
02C46000,kakusiana_room_13,*
02C4D000,entra_scene,*
02C4E000,entra_room_0,*
02C74000,moribossroom_scene,*
02C76000,moribossroom_room_0,*
02C7C000,moribossroom_room_1,*
02C8A000,syatekijyou_scene,*
02C97000,syatekijyou_room_0,*
02C9F000,shop1_scene,*
02CA0000,shop1_room_0,*
02CCA000,hairal_niwa_scene,*
02CDC000,hairal_niwa_room_0,*
02CE7000,ganon_tou_scene,*
02CEC000,ganon_tou_room_0,*
02D00000,sasatest_scene,*
02D03000,sasatest_room_0,*
02D07000,market_alley_scene,*
02D09000,market_alley_room_0,*
02D7F000,spot20_scene,*
02D91000,spot20_room_0,*
02D98000,market_ruins_scene,*
02D9A000,market_ruins_room_0,*
02D9D000,entra_n_scene,*
02D9E000,entra_n_room_0,*
02DC4000,enrui_scene,*
02DC5000,enrui_room_0,*
02DEB000,market_alley_n_scene,*
02DED000,market_alley_n_room_0,*
02E63000,hiral_demo_scene,*
02E67000,hiral_demo_room_0,*
02E68000,kokiri_home3_scene,*
02E6A000,kokiri_home3_room_0,*
02EA1000,malon_stable_scene,*
02EA2000,malon_stable_room_0,*
02ED1000,kakariko_scene,*
02ED2000,kakariko_room_0,*
02EFD000,bdan_boss_scene,*
02EFE000,bdan_boss_room_0,*
02F02000,bdan_boss_room_1,*
02F08000,FIRE_bs_scene,*
02F0D000,FIRE_bs_room_0,*
02F12000,FIRE_bs_room_1,*
02F19000,hut_scene,*
02F1A000,hut_room_0,*
02F44000,daiyousei_izumi_scene,*
02F52000,daiyousei_izumi_room_0,*
02F56000,hakaana_scene,*
02F57000,hakaana_room_0,*
02F5F000,yousei_izumi_tate_scene,*
02F68000,yousei_izumi_tate_room_0,*
02F6D000,yousei_izumi_yoko_scene,*
02F7A000,yousei_izumi_yoko_room_0,*
02F7F000,golon_scene,*
02F80000,golon_room_0,*
02FA7000,zoora_scene,*
02FA8000,zoora_room_0,*
02FCF000,drag_scene,*
02FD0000,drag_room_0,*
02FFC000,alley_shop_scene,*
02FFD000,alley_shop_room_0,*
03024000,night_shop_scene,*
03025000,night_shop_room_0,*
0304E000,impa_scene,*
0304F000,impa_room_0,*
03076000,labo_scene,*
03077000,labo_room_0,*
030A4000,tent_scene,*
030A5000,tent_room_0,*
030D9000,nakaniwa_scene,*
030DD000,nakaniwa_room_0,*
030F5000,ddan_boss_scene,*
030F8000,ddan_boss_room_0,*
030FD000,ddan_boss_room_1,*
03101000,ydan_boss_scene,*
03103000,ydan_boss_room_0,*
0310A000,ydan_boss_room_1,*
03111000,HAKAdan_bs_scene,*
03114000,HAKAdan_bs_room_0,*
03117000,HAKAdan_bs_room_1,*
0311D000,MIZUsin_bs_scene,*
0311F000,MIZUsin_bs_room_0,*
03124000,MIZUsin_bs_room_1,*
03130000,ganon_scene,*
03141000,ganon_room_0,*
03149000,ganon_room_1,*
03151000,ganon_room_2,*
03159000,ganon_room_3,*
03161000,ganon_room_4,*
0316B000,ganon_room_5,*
03174000,ganon_room_6,*
0317E000,ganon_room_7,*
03189000,ganon_room_8,*
03190000,ganon_room_9,*
03196000,ganon_boss_scene,*
0319E000,ganon_boss_room_0,*
031A4000,jyasinboss_scene,*
031AD000,jyasinboss_room_0,*
031AE000,jyasinboss_room_1,*
031B6000,jyasinboss_room_2,*
031BA000,jyasinboss_room_3,*
031C6000,kokiri_home4_scene,*
031C8000,kokiri_home4_room_0,*
03201000,kokiri_home5_scene,*
03203000,kokiri_home5_room_0,*
03234000,ganon_final_scene,*
03247000,ganon_final_room_0,*
03254000,kakariko3_scene,*
03255000,kakariko3_room_0,*
03280000,hairal_niwa2_scene,*
03283000,hairal_niwa2_room_0,*
0329B000,hakasitarelay_scene,*
032AA000,hakasitarelay_room_0,*
032B2000,hakasitarelay_room_1,*
032B9000,hakasitarelay_room_2,*
032C2000,hakasitarelay_room_3,*
032CB000,hakasitarelay_room_4,*
032D0000,hakasitarelay_room_5,*
032D5000,hakasitarelay_room_6,*
032DD000,shrine_scene,*
032DF000,shrine_room_0,*
03332000,turibori_scene,*
03345000,turibori_room_0,*
0334C000,shrine_n_scene,*
0334E000,shrine_n_room_0,*
033A1000,shrine_r_scene,*
033A3000,shrine_r_room_0,*
033F6000,hakaana2_scene,*
03404000,hakaana2_room_0,*
0340B000,gerudoway_scene,*
03419000,gerudoway_room_0,*
0341E000,gerudoway_room_1,*
03426000,gerudoway_room_2,*
0342A000,gerudoway_room_3,*
03436000,gerudoway_room_4,*
0343A000,gerudoway_room_5,*
0343F000,hairal_niwa_n_scene,*
03449000,hairal_niwa_n_room_0,*
0344D000,bowling_scene,*
0345C000,bowling_room_0,*
03463000,hakaana_ouke_scene,*
03468000,hakaana_ouke_room_0,*
03473000,hakaana_ouke_room_1,*
03478000,hakaana_ouke_room_2,*
0347F000,hylia_labo_scene,*
03491000,hylia_labo_room_0,*
03499000,souko_scene,*
034A0000,souko_room_0,*
034AA000,souko_room_1,*
034B5000,souko_room_2,*
034BE000,miharigoya_scene,*
034CB000,miharigoya_room_0,*
034CF000,mahouya_scene,*
034DA000,mahouya_room_0,*
034E1000,takaraya_scene,*
034E9000,takaraya_room_0,*
034F3000,takaraya_room_1,*
034F5000,takaraya_room_2,*
034F8000,takaraya_room_3,*
034FB000,takaraya_room_4,*
034FF000,takaraya_room_5,*
03502000,takaraya_room_6,*
03505000,ganon_sonogo_scene,*
0350D000,ganon_sonogo_room_0,*
03515000,ganon_sonogo_room_1,*
0351D000,ganon_sonogo_room_2,*
03526000,ganon_sonogo_room_3,*
0352C000,ganon_sonogo_room_4,*
03535000,ganon_demo_scene,*
0353F000,ganon_demo_room_0,*
03544000,besitu_scene,*
03545000,besitu_room_0,*
0354B000,face_shop_scene,*
0354C000,face_shop_room_0,*
0357B000,kinsuta_scene,*
0357D000,kinsuta_room_0,*
0358C000,ganontikasonogo_scene,*
03591000,ganontikasonogo_room_0,*
035A9000,ganontikasonogo_room_1,*
035B3000,test01_scene,*
035B7000,test01_room_0,*
035C1000,bump_texture_static,*
035C2000,anime_model_1_static,*
035C3000,anime_model_2_static,*
035C4000,anime_model_3_static,*
035C5000,anime_model_4_static,*
035C6000,anime_model_5_static,*
035C7000,anime_model_6_static,*
035C8000,anime_texture_1_static,*
035C9000,anime_texture_2_static,*
035CA000,anime_texture_3_static,*
035CB000,anime_texture_4_static,*
035CC000,anime_texture_5_static,*
035CD000,anime_texture_6_static,*
035CE000,softsprite_matrix_static,*
